op,flops,gflops,self_cuda_time_us,self_cpu_time_us,count
aten::addmm,316954512384,316.954512384,0,5528.582999999968,59
aten::mm,260112334848,260.112334848,0,1983.3830000000453,25
aten::bmm,1828454400,1.8284544,0,117.78700000000026,2
aten::mul,89585630,0.08958563,0,5092.864999999902,225
aten::add,16243629,0.016243629,0,3116.608999999995,140
Compute grid config,0,0.0,0,158.346,1
encode,0,0.0,0,281.1000000000058,1
Latents init ,0,0.0,0,590.4749999999995,1
aten::unsqueeze,0,0.0,0,2015.76999999984,273
aten::as_strided,0,0.0,0,2085.1169999998056,1146
aten::expand,0,0.0,0,826.99799999999,82
aten::linspace,0,0.0,0,624.9059999999483,60
aten::empty,0,0.0,0,4322.49399999986,382
Unrecognized,0,0.0,0,739.45,1
cudaLaunchKernel,0,0.0,0,21149.570999999927,1545
aten::meshgrid,0,0.0,0,120.97500000008267,6
aten::view,0,0.0,0,1951.031999999977,572
aten::flatten,0,0.0,0,47.059999999990396,5
aten::clone,0,0.0,0,562.0150000000085,54
aten::empty_like,0,0.0,0,320.37500000001864,63
aten::copy_,0,0.0,0,2208.5019999999467,125
aten::_unsafe_view,0,0.0,0,188.90000000006648,65
Latents init ,0,0.0,0,0,1
"void at::native::elementwise_kernel<128, 2, at::native::gpu_kernel_impl_nocast<at::native::direct_copy_kernel_cuda(at::TensorIteratorBase&)::{lambda()#3}::operator()() const::{lambda()#7}::operator()() const::{lambda(float)#1}>(at::TensorIteratorBase&, at::native::direct_copy_kernel_cuda(at::TensorIteratorBase&)::{lambda()#3}::operator()() const::{lambda()#7}::operator()() const::{lambda(float)#1} const&)::{lambda(int)#1}>(int, at::native::gpu_kernel_impl_nocast<at::native::direct_copy_kernel_cuda(at::TensorIteratorBase&)::{lambda()#3}::operator()() const::{lambda()#7}::operator()() const::{lambda(float)#1}>(at::TensorIteratorBase&, at::native::direct_copy_kernel_cuda(at::TensorIteratorBase&)::{lambda()#3}::operator()() const::{lambda()#7}::operator()() const::{lambda(float)#1} const&)::{lambda(int)#1})",0,0.0,0,0,41
aten::stack,0,0.0,0,476.70400000002473,29
aten::cat,0,0.0,0,3877.0189999999943,148
"void at::native::(anonymous namespace)::CatArrayBatchedCopy_alignedK_contig<at::native::(anonymous namespace)::OpaqueType<4u>, unsigned int, 2, 128, 1, 16>(at::native::(anonymous namespace)::OpaqueType<4u>*, at::native::(anonymous namespace)::CatArrInputTensorMetadata<at::native::(anonymous namespace)::OpaqueType<4u>, unsigned int, 128, 1>, at::native::(anonymous namespace)::TensorSizeStride<unsigned int, 4u>, int, unsigned int)",0,0.0,0,0,6
geo pruning,0,0.0,0,767.3470000000007,1
aten::select,0,0.0,0,1097.1019999999307,118
aten::detach,0,0.0,0,8.629999999999654,2
detach,0,0.0,0,13.989000000000033,2
aten::to,0,0.0,0,290.19800000007854,97
aten::_to_copy,0,0.0,0,710.7870000000576,62
aten::empty_strided,0,0.0,0,1145.2570000000337,81
cudaStreamIsCapturing,0,0.0,0,81.01999999994814,24
cudaMemcpyAsync,0,0.0,0,2387.580999999997,115
geo pruning,0,0.0,0,0,1
Memcpy DtoH (Device -> Pageable),0,0.0,0,0,1
cudaStreamSynchronize,0,0.0,0,12164.30099999998,99
aten::resolve_conj,0,0.0,0,1.6729999999997744,1
aten::resolve_neg,0,0.0,0,0.7920000000003711,1
aten::arange,0,0.0,0,319.18099999998776,20
aten::resize_,0,0.0,0,601.0580000000036,70
"void (anonymous namespace)::elementwise_kernel_with_index<int, at::native::arange_cuda_out(c10::Scalar const&, c10::Scalar const&, c10::Scalar const&, at::Tensor&)::{lambda()#1}::operator()() const::{lambda()#4}::operator()() const::{lambda(long)#1}>(int, at::native::arange_cuda_out(c10::Scalar const&, c10::Scalar const&, c10::Scalar const&, at::Tensor&)::{lambda()#1}::operator()() const::{lambda()#4}::operator()() const::{lambda(long)#1}, function_traits<at::native::arange_cuda_out(c10::Scalar const&, c10::Scalar const&, c10::Scalar const&, at::Tensor&)::{lambda()#1}::operator()() const::{lambda()#4}::operator()() const::{lambda(long)#1}>::result_type*)",0,0.0,0,0,9
aten::lt,0,0.0,0,508.64800000001924,16
"void at::native::elementwise_kernel<128, 4, at::native::gpu_kernel_impl_nocast<at::native::(anonymous namespace)::CompareFunctor<long> >(at::TensorIteratorBase&, at::native::(anonymous namespace)::CompareFunctor<long> const&)::{lambda(int)#1}>(int, at::native::gpu_kernel_impl_nocast<at::native::(anonymous namespace)::CompareFunctor<long> >(at::TensorIteratorBase&, at::native::(anonymous namespace)::CompareFunctor<long> const&)::{lambda(int)#1})",0,0.0,0,0,1
aten::slice,0,0.0,0,1478.5049999999846,193
"void at::native::elementwise_kernel<128, 2, at::native::gpu_kernel_impl_nocast<at::native::direct_copy_kernel_cuda(at::TensorIteratorBase&)::{lambda()#3}::operator()() const::{lambda()#4}::operator()() const::{lambda(long)#1}>(at::TensorIteratorBase&, at::native::direct_copy_kernel_cuda(at::TensorIteratorBase&)::{lambda()#3}::operator()() const::{lambda()#4}::operator()() const::{lambda(long)#1} const&)::{lambda(int)#1}>(int, at::native::gpu_kernel_impl_nocast<at::native::direct_copy_kernel_cuda(at::TensorIteratorBase&)::{lambda()#3}::operator()() const::{lambda()#4}::operator()() const::{lambda(long)#1}>(at::TensorIteratorBase&, at::native::direct_copy_kernel_cuda(at::TensorIteratorBase&)::{lambda()#3}::operator()() const::{lambda()#4}::operator()() const::{lambda(long)#1} const&)::{lambda(int)#1})",0,0.0,0,0,15
aten::clamp,0,0.0,0,475.0859999999593,14
"void at::native::vectorized_elementwise_kernel<2, at::native::(anonymous namespace)::launch_clamp_scalar(at::TensorIteratorBase&, c10::Scalar, c10::Scalar, at::native::detail::ClampLimits)::{lambda()#1}::operator()() const::{lambda()#4}::operator()() const::{lambda(long)#1}, std::array<char*, 2ul> >(int, at::native::(anonymous namespace)::launch_clamp_scalar(at::TensorIteratorBase&, c10::Scalar, c10::Scalar, at::native::detail::ClampLimits)::{lambda()#1}::operator()() const::{lambda()#4}::operator()() const::{lambda(long)#1}, std::array<char*, 2ul>)",0,0.0,0,0,14
aten::zeros_like,0,0.0,0,96.35599999999522,10
aten::zero_,0,0.0,0,107.62599999998474,11
aten::fill_,0,0.0,0,436.45700000006946,27
"void at::native::vectorized_elementwise_kernel<2, at::native::FillFunctor<long>, std::array<char*, 1ul> >(int, at::native::FillFunctor<long>, std::array<char*, 1ul>)",0,0.0,0,0,5
aten::where,0,0.0,0,403.79299999996874,11
"void at::native::vectorized_elementwise_kernel<2, at::native::(anonymous namespace)::where_kernel_impl(at::TensorIterator&)::{lambda()#1}::operator()() const::{lambda()#8}::operator()() const::{lambda(bool, long, long)#1}, std::array<char*, 4ul> >(int, at::native::(anonymous namespace)::where_kernel_impl(at::TensorIterator&)::{lambda()#1}::operator()() const::{lambda()#8}::operator()() const::{lambda(bool, long, long)#1}, std::array<char*, 4ul>)",0,0.0,0,0,1
"void at::native::vectorized_elementwise_kernel<4, at::native::FillFunctor<float>, std::array<char*, 1ul> >(int, at::native::FillFunctor<float>, std::array<char*, 1ul>)",0,0.0,0,0,18
aten::bitwise_not,0,0.0,0,702.7020000000539,25
"void at::native::vectorized_elementwise_kernel<4, at::native::bitwise_not_kernel_cuda(at::TensorIteratorBase&)::{lambda(bool)#1}, std::array<char*, 2ul> >(int, at::native::bitwise_not_kernel_cuda(at::TensorIteratorBase&)::{lambda(bool)#1}, std::array<char*, 2ul>)",0,0.0,0,0,25
aten::masked_fill,0,0.0,0,47.6509999999962,2
Memcpy DtoD (Device -> Device),0,0.0,0,0,16
aten::masked_fill_,0,0.0,0,423.0900000000029,15
"void at::native::vectorized_elementwise_kernel<4, at::native::(anonymous namespace)::masked_fill_kernel(at::TensorIterator&, c10::Scalar const&)::{lambda()#1}::operator()() const::{lambda()#7}::operator()() const::{lambda(float, bool)#1}, std::array<char*, 3ul> >(int, at::native::(anonymous namespace)::masked_fill_kernel(at::TensorIterator&, c10::Scalar const&)::{lambda()#1}::operator()() const::{lambda()#7}::operator()() const::{lambda(float, bool)#1}, std::array<char*, 3ul>)",0,0.0,0,0,9
aten::reshape,0,0.0,0,1394.3329999997477,273
aten::gather,0,0.0,0,725.20500000007,18
"void at::native::vectorized_gather_kernel<16, long>(char*, char*, long*, int, long, long, long, long, bool)",0,0.0,0,0,13
aten::__or__,0,0.0,0,79.15499999994609,14
aten::bitwise_or,0,0.0,0,429.3119999999917,14
Cross Attention - Encoder,0,0.0,0,369.3220000000001,1
aten::randperm,0,0.0,0,109.21800000000167,2
aten::scalar_tensor,0,0.0,0,11.382000000000517,1
aten::random_,0,0.0,0,49.581999999999425,1
cudaStreamGetCaptureInfo_v2,0,0.0,0,7.744000000000597,4
cudaPeekAtLastError,0,0.0,0,40.50600000001123,156
aten::index,0,0.0,0,3685.348999999648,101
"void at::native::_scatter_gather_elementwise_kernel<128, 8, at::native::_cuda_scatter_gather_internal_kernel<false, at::native::OpaqueType<4>, long>::operator()<at::native::TensorAssign>(at::TensorIterator&, long, long, long, at::native::TensorAssign const&)::{lambda(int)#1}>(int, at::native::_cuda_scatter_gather_internal_kernel<false, at::native::OpaqueType<4>, long>::operator()<at::native::TensorAssign>(at::TensorIterator&, long, long, long, at::native::TensorAssign const&)::{lambda(int)#1})",0,0.0,0,0,5
"void at::native::unrolled_elementwise_kernel<at::native::direct_copy_kernel_cuda(at::TensorIteratorBase&)::{lambda()#3}::operator()() const::{lambda()#11}::operator()() const::{lambda(bool)#1}, std::array<char*, 2ul>, 4, TrivialOffsetCalculator<1, unsigned int>, TrivialOffsetCalculator<1, unsigned int>, at::native::memory::LoadWithCast<1>, at::native::memory::StoreWithCast<1> >(int, at::native::direct_copy_kernel_cuda(at::TensorIteratorBase&)::{lambda()#3}::operator()() const::{lambda()#11}::operator()() const::{lambda(bool)#1}, std::array<char*, 2ul>, TrivialOffsetCalculator<1, unsigned int>, TrivialOffsetCalculator<1, unsigned int>, at::native::memory::LoadWithCast<1>, at::native::memory::StoreWithCast<1>)",0,0.0,0,0,5
"void at::native::vectorized_elementwise_kernel<4, at::native::BinaryFunctor<bool, bool, bool, at::native::BitwiseOrFunctor<bool> >, std::array<char*, 3ul> >(int, at::native::BinaryFunctor<bool, bool, bool, at::native::BitwiseOrFunctor<bool> >, std::array<char*, 3ul>)",0,0.0,0,0,6
Cross Attention - Encoder,0,0.0,0,0,1
"void at::native::(anonymous namespace)::distribution_elementwise_grid_stride_kernel<unsigned long, 2, at::native::templates::cuda::random_from_to_kernel<at::CUDAGeneratorImpl*>(at::TensorIteratorBase&, unsigned long, long, at::CUDAGeneratorImpl*)::{lambda()#1}::operator()() const::{lambda()#3}::operator()() const::{lambda(curandStatePhilox4_32_10*)#1}, at::native::(anonymous namespace)::distribution_nullary_kernel<int, unsigned long, ulonglong2, at::CUDAGeneratorImpl*, at::native::templates::cuda::random_from_to_kernel<at::CUDAGeneratorImpl*>(at::TensorIteratorBase&, unsigned long, long, at::CUDAGeneratorImpl*)::{lambda()#1}::operator()() const::{lambda()#3}::operator()() const::{lambda(curandStatePhilox4_32_10*)#1}, at::native::templates::cuda::random_from_to_kernel<at::CUDAGeneratorImpl*>(at::TensorIteratorBase&, unsigned long, long, at::CUDAGeneratorImpl*)::{lambda()#1}::operator()() const::{lambda()#3}::operator()() const::{lambda(unsigned long)#1}>(at::TensorIteratorBase&, at::CUDAGeneratorImpl*, at::native::templates::cuda::random_from_to_kernel<at::CUDAGeneratorImpl*>(at::TensorIteratorBase&, unsigned long, long, at::CUDAGeneratorImpl*)::{lambda()#1}::operator()() const::{lambda()#3}::operator()() const::{lambda(curandStatePhilox4_32_10*)#1} const&, at::native::templates::cuda::random_from_to_kernel<at::CUDAGeneratorImpl*>(at::TensorIteratorBase&, unsigned long, long, at::CUDAGeneratorImpl*)::{lambda()#1}::operator()() const::{lambda()#3}::operator()() const::{lambda(unsigned long)#1})::{lambda(int, unsigned long)#1}>(long, at::PhiloxCudaState, at::native::templates::cuda::random_from_to_kernel<at::CUDAGeneratorImpl*>(at::TensorIteratorBase&, unsigned long, long, at::CUDAGeneratorImpl*)::{lambda()#1}::operator()() const::{lambda()#3}::operator()() const::{lambda(curandStatePhilox4_32_10*)#1}, at::native::(anonymous namespace)::distribution_nullary_kernel<int, unsigned long, ulonglong2, at::CUDAGeneratorImpl*, at::native::templates::cuda::random_from_to_kernel<at::CUDAGeneratorImpl*>(at::TensorIteratorBase&, unsigned long, long, at::CUDAGeneratorImpl*)::{lambda()#1}::operator()() const::{lambda()#3}::operator()() const::{lambda(curandStatePhilox4_32_10*)#1}, at::native::templates::cuda::random_from_to_kernel<at::CUDAGeneratorImpl*>(at::TensorIteratorBase&, unsigned long, long, at::CUDAGeneratorImpl*)::{lambda()#1}::operator()() const::{lambda()#3}::operator()() const::{lambda(unsigned long)#1}>(at::TensorIteratorBase&, at::CUDAGeneratorImpl*, at::native::templates::cuda::random_from_to_kernel<at::CUDAGeneratorImpl*>(at::TensorIteratorBase&, unsigned long, long, at::CUDAGeneratorImpl*)::{lambda()#1}::operator()() const::{lambda()#3}::operator()() const::{lambda(curandStatePhilox4_32_10*)#1} const&, at::native::templates::cuda::random_from_to_kernel<at::CUDAGeneratorImpl*>(at::TensorIteratorBase&, unsigned long, long, at::CUDAGeneratorImpl*)::{lambda()#1}::operator()() const::{lambda()#3}::operator()() const::{lambda(unsigned long)#1})::{lambda(int, unsigned long)#1})",0,0.0,0,0,1
"void at_cuda_detail::cub::DeviceRadixSortSingleTileKernel<at_cuda_detail::cub::DeviceRadixSortPolicy<int, at::cuda::cub::detail::OpaqueType<8>, unsigned long long>::Policy900, false, int, at::cuda::cub::detail::OpaqueType<8>, unsigned long long, at_cuda_detail::cub::detail::identity_decomposer_t>(int const*, int*, at::cuda::cub::detail::OpaqueType<8> const*, at::cuda::cub::detail::OpaqueType<8>*, unsigned long long, int, int, at_cuda_detail::cub::detail::identity_decomposer_t)",0,0.0,0,0,1
"void (anonymous namespace)::randperm_handle_duplicate_keys_kernel<int, at::native::(anonymous namespace)::OpaqueType<8> >(int*, at::native::(anonymous namespace)::OpaqueType<8>*, int, int, at::PhiloxCudaState)",0,0.0,0,0,1
"void at::native::index_elementwise_kernel<128, 4, at::native::gpu_index_kernel<at::native::index_kernel_impl<at::native::OpaqueType<4> >(at::TensorIteratorBase&, c10::ArrayRef<long>, c10::ArrayRef<long>)::{lambda(char*, char const*, long)#1}>(at::TensorIteratorBase&, c10::ArrayRef<long>, c10::ArrayRef<long>, at::native::index_kernel_impl<at::native::OpaqueType<4> >(at::TensorIteratorBase&, c10::ArrayRef<long>, c10::ArrayRef<long>)::{lambda(char*, char const*, long)#1} const&, bool)::{lambda(int)#1}>(long, at::native::gpu_index_kernel<at::native::index_kernel_impl<at::native::OpaqueType<4> >(at::TensorIteratorBase&, c10::ArrayRef<long>, c10::ArrayRef<long>)::{lambda(char*, char const*, long)#1}>(at::TensorIteratorBase&, c10::ArrayRef<long>, c10::ArrayRef<long>, at::native::index_kernel_impl<at::native::OpaqueType<4> >(at::TensorIteratorBase&, c10::ArrayRef<long>, c10::ArrayRef<long>)::{lambda(char*, char const*, long)#1} const&, bool)::{lambda(int)#1})",0,0.0,0,0,46
"void at::native::index_elementwise_kernel<128, 4, at::native::gpu_index_kernel<at::native::index_kernel_impl<at::native::OpaqueType<1> >(at::TensorIteratorBase&, c10::ArrayRef<long>, c10::ArrayRef<long>)::{lambda(char*, char const*, long)#1}>(at::TensorIteratorBase&, c10::ArrayRef<long>, c10::ArrayRef<long>, at::native::index_kernel_impl<at::native::OpaqueType<1> >(at::TensorIteratorBase&, c10::ArrayRef<long>, c10::ArrayRef<long>)::{lambda(char*, char const*, long)#1} const&, bool)::{lambda(int)#1}>(long, at::native::gpu_index_kernel<at::native::index_kernel_impl<at::native::OpaqueType<1> >(at::TensorIteratorBase&, c10::ArrayRef<long>, c10::ArrayRef<long>)::{lambda(char*, char const*, long)#1}>(at::TensorIteratorBase&, c10::ArrayRef<long>, c10::ArrayRef<long>, at::native::index_kernel_impl<at::native::OpaqueType<1> >(at::TensorIteratorBase&, c10::ArrayRef<long>, c10::ArrayRef<long>)::{lambda(char*, char const*, long)#1} const&, bool)::{lambda(int)#1})",0,0.0,0,0,5
Encoder Process data,0,0.0,0,2086.4729999999954,1
Encoder Process data,0,0.0,0,0,1
"void at::native::elementwise_kernel<128, 4, at::native::gpu_kernel_impl<at::native::direct_copy_kernel_cuda(at::TensorIteratorBase&)::{lambda()#3}::operator()() const::{lambda()#4}::operator()() const::{lambda(long)#1}>(at::TensorIteratorBase&, at::native::direct_copy_kernel_cuda(at::TensorIteratorBase&)::{lambda()#3}::operator()() const::{lambda()#4}::operator()() const::{lambda(long)#1} const&)::{lambda(int)#1}>(int, at::native::gpu_kernel_impl<at::native::direct_copy_kernel_cuda(at::TensorIteratorBase&)::{lambda()#3}::operator()() const::{lambda()#4}::operator()() const::{lambda(long)#1}>(at::TensorIteratorBase&, at::native::direct_copy_kernel_cuda(at::TensorIteratorBase&)::{lambda()#3}::operator()() const::{lambda()#4}::operator()() const::{lambda(long)#1} const&)::{lambda(int)#1})",0,0.0,0,0,41
"void at::native::(anonymous namespace)::CatArrayBatchedCopy_alignedK_contig<at::native::(anonymous namespace)::OpaqueType<4u>, unsigned int, 4, 128, 1, 16>(at::native::(anonymous namespace)::OpaqueType<4u>*, at::native::(anonymous namespace)::CatArrInputTensorMetadata<at::native::(anonymous namespace)::OpaqueType<4u>, unsigned int, 128, 1>, at::native::(anonymous namespace)::TensorSizeStride<unsigned int, 4u>, int, unsigned int)",0,0.0,0,0,29
aten::sub,0,0.0,0,1539.354999999915,66
"void at::native::elementwise_kernel<128, 2, at::native::gpu_kernel_impl_nocast<at::native::CUDAFunctor_add<float> >(at::TensorIteratorBase&, at::native::CUDAFunctor_add<float> const&)::{lambda(int)#1}>(int, at::native::gpu_kernel_impl_nocast<at::native::CUDAFunctor_add<float> >(at::TensorIteratorBase&, at::native::CUDAFunctor_add<float> const&)::{lambda(int)#1})",0,0.0,0,0,69
Memcpy HtoD (Pageable -> Device),0,0.0,0,0,9
aten::lift_fresh,0,0.0,0,13.320000000002437,14
aten::detach_,0,0.0,0,33.1049999999841,9
detach_,0,0.0,0,22.69200000001274,9
aten::abs,0,0.0,0,885.5829999999578,60
"void at::native::vectorized_elementwise_kernel<4, at::native::AbsFunctor<float>, std::array<char*, 2ul> >(int, at::native::AbsFunctor<float>, std::array<char*, 2ul>)",0,0.0,0,0,18
aten::div,0,0.0,0,828.6870000000208,35
"void at::native::vectorized_elementwise_kernel<4, at::native::BinaryFunctor<float, float, float, at::native::binary_internal::DivFunctor<float> >, std::array<char*, 3ul> >(int, at::native::BinaryFunctor<float, float, float, at::native::binary_internal::DivFunctor<float> >, std::array<char*, 3ul>)",0,0.0,0,0,23
"void (anonymous namespace)::elementwise_kernel_with_index<int, at::native::linspace_cuda_out(c10::Scalar const&, c10::Scalar const&, long, at::Tensor&)::{lambda()#2}::operator()() const::{lambda()#2}::operator()() const::{lambda(long)#1}>(int, at::native::linspace_cuda_out(c10::Scalar const&, c10::Scalar const&, long, at::Tensor&)::{lambda()#2}::operator()() const::{lambda()#2}::operator()() const::{lambda(long)#1}, function_traits<at::native::linspace_cuda_out(c10::Scalar const&, c10::Scalar const&, long, at::Tensor&)::{lambda()#2}::operator()() const::{lambda()#2}::operator()() const::{lambda(long)#1}>::result_type*)",0,0.0,0,0,28
"void at::native::elementwise_kernel<128, 2, at::native::gpu_kernel_impl_nocast<at::native::BinaryFunctor<float, float, float, at::native::binary_internal::MulFunctor<float> > >(at::TensorIteratorBase&, at::native::BinaryFunctor<float, float, float, at::native::binary_internal::MulFunctor<float> > const&)::{lambda(int)#1}>(int, at::native::gpu_kernel_impl_nocast<at::native::BinaryFunctor<float, float, float, at::native::binary_internal::MulFunctor<float> > >(at::TensorIteratorBase&, at::native::BinaryFunctor<float, float, float, at::native::binary_internal::MulFunctor<float> > const&)::{lambda(int)#1})",0,0.0,0,0,184
"void at::native::vectorized_elementwise_kernel<4, at::native::AUnaryFunctor<float, float, float, at::native::binary_internal::MulFunctor<float> >, std::array<char*, 2ul> >(int, at::native::AUnaryFunctor<float, float, float, at::native::binary_internal::MulFunctor<float> >, std::array<char*, 2ul>)",0,0.0,0,0,29
aten::sin,0,0.0,0,1153.2300000000378,57
"void at::native::vectorized_elementwise_kernel<4, at::native::sin_kernel_cuda(at::TensorIteratorBase&)::{lambda()#2}::operator()() const::{lambda()#2}::operator()() const::{lambda(float)#1}, std::array<char*, 2ul> >(int, at::native::sin_kernel_cuda(at::TensorIteratorBase&)::{lambda()#2}::operator()() const::{lambda()#2}::operator()() const::{lambda(float)#1}, std::array<char*, 2ul>)",0,0.0,0,0,57
aten::cos,0,0.0,0,1156.4659999999203,57
"void at::native::vectorized_elementwise_kernel<4, at::native::cos_kernel_cuda(at::TensorIteratorBase&)::{lambda()#2}::operator()() const::{lambda()#2}::operator()() const::{lambda(float)#1}, std::array<char*, 2ul> >(int, at::native::cos_kernel_cuda(at::TensorIteratorBase&)::{lambda()#2}::operator()() const::{lambda()#2}::operator()() const::{lambda(float)#1}, std::array<char*, 2ul>)",0,0.0,0,0,57
aten::eq,0,0.0,0,1050.2439999999333,39
aten::any,0,0.0,0,2107.174000000081,60
cudaMemsetAsync,0,0.0,0,516.76799999994,39
aten::is_nonzero,0,0.0,0,239.4659999999658,60
aten::item,0,0.0,0,384.8660000000382,80
aten::_local_scalar_dense,0,0.0,0,974.5520000000633,80
"void at::native::vectorized_elementwise_kernel<4, at::native::AUnaryFunctor<long, long, bool, at::native::(anonymous namespace)::CompareEqFunctor<long> >, std::array<char*, 2ul> >(int, at::native::AUnaryFunctor<long, long, bool, at::native::(anonymous namespace)::CompareEqFunctor<long> >, std::array<char*, 2ul>)",0,0.0,0,0,34
Memset (Device),0,0.0,0,0,39
"void at::native::reduce_kernel<512, 1, at::native::ReduceOp<bool, at::native::func_wrapper_t<bool, at::native::or_kernel_cuda(at::TensorIterator&)::{lambda()#1}::operator()() const::{lambda()#12}::operator()() const::{lambda(bool, bool)#1}>, unsigned int, bool, 4, 4> >(at::native::ReduceOp<bool, at::native::func_wrapper_t<bool, at::native::or_kernel_cuda(at::TensorIterator&)::{lambda()#1}::operator()() const::{lambda()#12}::operator()() const::{lambda(bool, bool)#1}>, unsigned int, bool, 4, 4>)",0,0.0,0,0,60
Memcpy DtoH (Device -> Pinned),0,0.0,0,0,89
aten::expand_as,0,0.0,0,50.91000000004897,11
"void at::native::elementwise_kernel<128, 2, at::native::gpu_kernel_impl_nocast<at::native::(anonymous namespace)::where_kernel_impl(at::TensorIterator&)::{lambda()#1}::operator()() const::{lambda()#11}::operator()() const::{lambda(bool, float, float)#1}>(at::TensorIteratorBase&, at::native::(anonymous namespace)::where_kernel_impl(at::TensorIterator&)::{lambda()#1}::operator()() const::{lambda()#11}::operator()() const::{lambda(bool, float, float)#1} const&)::{lambda(int)#1}>(int, at::native::gpu_kernel_impl_nocast<at::native::(anonymous namespace)::where_kernel_impl(at::TensorIterator&)::{lambda()#1}::operator()() const::{lambda()#11}::operator()() const::{lambda(bool, float, float)#1}>(at::TensorIteratorBase&, at::native::(anonymous namespace)::where_kernel_impl(at::TensorIterator&)::{lambda()#1}::operator()() const::{lambda()#11}::operator()() const::{lambda(bool, float, float)#1} const&)::{lambda(int)#1})",0,0.0,0,0,10
"void at::native::(anonymous namespace)::CatArrayBatchedCopy<at::native::(anonymous namespace)::OpaqueType<4u>, unsigned int, 4, 64, 64>(at::native::(anonymous namespace)::OpaqueType<4u>*, at::native::(anonymous namespace)::CatArrInputTensorMetadata<at::native::(anonymous namespace)::OpaqueType<4u>, unsigned int, 64, 64>, at::native::(anonymous namespace)::TensorSizeStride<unsigned int, 4u>, int, unsigned int)",0,0.0,0,0,17
"void at::native::vectorized_elementwise_kernel<4, at::native::compare_scalar_kernel<long>(at::TensorIteratorBase&, at::native::(anonymous namespace)::OpType, long)::{lambda(long)#1}, std::array<char*, 2ul> >(int, at::native::compare_scalar_kernel<long>(at::TensorIteratorBase&, at::native::(anonymous namespace)::OpType, long)::{lambda(long)#1}, std::array<char*, 2ul>)",0,0.0,0,0,26
"void at::native::vectorized_elementwise_kernel<4, at::native::CUDAFunctorOnSelf_add<float>, std::array<char*, 2ul> >(int, at::native::CUDAFunctorOnSelf_add<float>, std::array<char*, 2ul>)",0,0.0,0,0,5
aten::ge,0,0.0,0,183.4959999999828,6
"void at::native::(anonymous namespace)::CatArrayBatchedCopy_alignedK_contig<at::native::(anonymous namespace)::OpaqueType<4u>, unsigned int, 3, 128, 1, 16>(at::native::(anonymous namespace)::OpaqueType<4u>*, at::native::(anonymous namespace)::CatArrInputTensorMetadata<at::native::(anonymous namespace)::OpaqueType<4u>, unsigned int, 128, 1>, at::native::(anonymous namespace)::TensorSizeStride<unsigned int, 4u>, int, unsigned int)",0,0.0,0,0,25
aten::index_put_,0,0.0,0,144.15400000000227,14
aten::_index_put_impl_,0,0.0,0,382.80700000001707,14
"void at::native::elementwise_kernel<128, 2, at::native::gpu_kernel_impl_nocast<at::native::(anonymous namespace)::masked_fill_kernel(at::TensorIterator&, c10::Scalar const&)::{lambda()#1}::operator()() const::{lambda()#7}::operator()() const::{lambda(float, bool)#1}>(at::TensorIteratorBase&, at::native::(anonymous namespace)::masked_fill_kernel(at::TensorIterator&, c10::Scalar const&)::{lambda()#1}::operator()() const::{lambda()#7}::operator()() const::{lambda(float, bool)#1} const&)::{lambda(int)#1}>(int, at::native::gpu_kernel_impl_nocast<at::native::(anonymous namespace)::masked_fill_kernel(at::TensorIterator&, c10::Scalar const&)::{lambda()#1}::operator()() const::{lambda()#7}::operator()() const::{lambda(float, bool)#1}>(at::TensorIteratorBase&, at::native::(anonymous namespace)::masked_fill_kernel(at::TensorIterator&, c10::Scalar const&)::{lambda()#1}::operator()() const::{lambda()#7}::operator()() const::{lambda(float, bool)#1} const&)::{lambda(int)#1})",0,0.0,0,0,6
aten::linear,0,0.0,0,1555.751000000022,84
aten::t,0,0.0,0,510.89600000008977,98
aten::transpose,0,0.0,0,1390.8680000000368,226
cudaFuncGetAttributes,0,0.0,0,1099.6150000000434,133
cudaLaunchKernelExC,0,0.0,0,1477.4839999999713,103
aten::gelu,0,0.0,0,596.9240000001028,20
aten::layer_norm,0,0.0,0,568.8790000000117,44
aten::native_layer_norm,0,0.0,0,1723.9620000001942,44
aten::alias,0,0.0,0,69.27500000000146,13
aten::all,0,0.0,0,276.34400000003734,6
sm80_xmma_gemm_f32f32_f32f32_f32_tn_n_tilesize128x128x8_stage3_warpsize2x2x1_ffma_aligna4_alignc4_execute_kernel__5x_cublas,0,0.0,0,0,31
"void at::native::vectorized_elementwise_kernel<4, at::native::GeluCUDAKernelImpl(at::TensorIteratorBase&, at::native::GeluType)::{lambda()#2}::operator()() const::{lambda()#2}::operator()() const::{lambda(float)#1}, std::array<char*, 2ul> >(int, at::native::GeluCUDAKernelImpl(at::TensorIteratorBase&, at::native::GeluType)::{lambda()#2}::operator()() const::{lambda()#2}::operator()() const::{lambda(float)#1}, std::array<char*, 2ul>)",0,0.0,0,0,13
"void at::native::(anonymous namespace)::vectorized_layer_norm_kernel<float, float, false>(int, float, float const*, float const*, float const*, float*, float*, float*)",0,0.0,0,0,40
sm80_xmma_gemm_f32f32_f32f32_f32_tn_n_tilesize64x64x8_stage3_warpsize1x4x1_ffma_aligna4_alignc4_execute_kernel__5x_cublas,0,0.0,0,0,12
"void at::native::reduce_kernel<512, 1, at::native::ReduceOp<bool, at::native::func_wrapper_t<bool, at::native::and_kernel_cuda(at::TensorIterator&)::{lambda()#1}::operator()() const::{lambda()#12}::operator()() const::{lambda(bool, bool)#1}>, unsigned int, bool, 4, 4> >(at::native::ReduceOp<bool, at::native::func_wrapper_t<bool, at::native::and_kernel_cuda(at::TensorIterator&)::{lambda()#1}::operator()() const::{lambda()#12}::operator()() const::{lambda(bool, bool)#1}>, unsigned int, bool, 4, 4>)",0,0.0,0,0,6
Encoder Cross Attention:,0,0.0,0,868.5800000000017,1
Encoder Cross Attention:,0,0.0,0,0,1
aten::contiguous,0,0.0,0,26.91599999999744,5
aten::matmul,0,0.0,0,548.1460000000297,25
sm80_xmma_gemm_f32f32_f32f32_f32_tn_n_tilesize128x64x8_stage3_warpsize2x2x1_ffma_aligna4_alignc4_execute_kernel__5x_cublas,0,0.0,0,0,22
sm80_xmma_gemm_f32f32_f32f32_f32_tn_n_tilesize128x64x8_stage3_warpsize2x2x1_ffma_aligna4_alignc4_execute_split_k_kernel__5x_cublas,0,0.0,0,0,1
aten::einsum,0,0.0,0,162.26100000000952,2
aten::permute,0,0.0,0,242.79499999995824,19
aten::softmax,0,0.0,0,9.17500000000291,1
aten::_softmax,0,0.0,0,32.46599999999671,1
aten::dropout,0,0.0,0,29.339000000007218,8
aten::nan_to_num,0,0.0,0,43.546000000002095,2
aten::chunk,0,0.0,0,228.983999999964,45
aten::split,0,0.0,0,588.9229999999698,45
aten::narrow,0,0.0,0,618.4870000000847,123
Self Attention,0,0.0,0,7731.358999999949,1
aten::exp,0,0.0,0,287.0220000000081,12
aten::scaled_dot_product_attention,0,0.0,0,609.661999999953,14
aten::_scaled_dot_product_efficient_attention,0,0.0,0,371.94800000010946,14
"void gemv2N_kernel<int, int, float, float, float, float, 128, 1, 2, 4, 1, false, cublasGemvParamsEx<int, cublasGemvTensorStridedBatched<float const>, cublasGemvTensorStridedBatched<float const>, cublasGemvTensorStridedBatched<float>, float> >(cublasGemvParamsEx<int, cublasGemvTensorStridedBatched<float const>, cublasGemvTensorStridedBatched<float const>, cublasGemvTensorStridedBatched<float>, float>)",0,0.0,0,0,1
aten::_efficient_attention_forward,0,0.0,0,562.7440000000788,14
"void (anonymous namespace)::softmax_warp_forward<float, float, float, 10, false, false, 32>(float*, float const*, int, int, int, bool const*, int, bool)",0,0.0,0,0,1
"std::enable_if<!(false), void>::type internal::gemvx::kernel<int, int, float, float, float, float, false, true, false, false, 6, false, cublasGemvParamsEx<int, cublasGemvTensorStridedBatched<float const>, cublasGemvTensorStridedBatched<float const>, cublasGemvTensorStridedBatched<float>, float> >(cublasGemvParamsEx<int, cublasGemvTensorStridedBatched<float const>, cublasGemvTensorStridedBatched<float const>, cublasGemvTensorStridedBatched<float>, float>)",0,0.0,0,0,1
"void at::native::vectorized_elementwise_kernel<4, at::native::nan_to_num_kernel_cuda(at::TensorIteratorBase&, std::optional<double>, std::optional<double>, std::optional<double>)::{lambda()#2}::operator()() const::{lambda()#2}::operator()() const::{lambda(float)#1}, std::array<char*, 2ul> >(int, at::native::nan_to_num_kernel_cuda(at::TensorIteratorBase&, std::optional<double>, std::optional<double>, std::optional<double>)::{lambda()#2}::operator()() const::{lambda()#2}::operator()() const::{lambda(float)#1}, std::array<char*, 2ul>)",0,0.0,0,0,1
"void at::native::elementwise_kernel<128, 2, at::native::gpu_kernel_impl_nocast<at::native::GeluCUDAKernelImpl(at::TensorIteratorBase&, at::native::GeluType)::{lambda()#2}::operator()() const::{lambda()#2}::operator()() const::{lambda(float)#1}>(at::TensorIteratorBase&, at::native::GeluCUDAKernelImpl(at::TensorIteratorBase&, at::native::GeluType)::{lambda()#2}::operator()() const::{lambda()#2}::operator()() const::{lambda(float)#1} const&)::{lambda(int)#1}>(int, at::native::gpu_kernel_impl_nocast<at::native::GeluCUDAKernelImpl(at::TensorIteratorBase&, at::native::GeluType)::{lambda()#2}::operator()() const::{lambda()#2}::operator()() const::{lambda(float)#1}>(at::TensorIteratorBase&, at::native::GeluCUDAKernelImpl(at::TensorIteratorBase&, at::native::GeluType)::{lambda()#2}::operator()() const::{lambda()#2}::operator()() const::{lambda(float)#1} const&)::{lambda(int)#1})",0,0.0,0,0,7
sm80_xmma_gemm_f32f32_f32f32_f32_tn_n_tilesize128x128x8_stage3_warpsize2x2x1_ffma_aligna4_alignc4_execute_split_k_kernel__5x_cublas,0,0.0,0,0,8
"void at::native::vectorized_elementwise_kernel<4, at::native::CUDAFunctor_add<float>, std::array<char*, 3ul> >(int, at::native::CUDAFunctor_add<float>, std::array<char*, 3ul>)",0,0.0,0,0,61
"void at::native::(anonymous namespace)::CatArrayBatchedCopy_vectorized<at::native::(anonymous namespace)::OpaqueType<4u>, unsigned int, 2, 128, 1, 16, 4>(char*, at::native::(anonymous namespace)::CatArrInputTensorMetadata<at::native::(anonymous namespace)::OpaqueType<4u>, unsigned int, 128, 1>, at::native::(anonymous namespace)::TensorSizeStride<unsigned int, 4u>, int, unsigned int)",0,0.0,0,0,2
Self Attention,0,0.0,0,0,1
"void at::native::vectorized_elementwise_kernel<4, at::native::exp_kernel_cuda(at::TensorIteratorBase&)::{lambda()#2}::operator()() const::{lambda()#2}::operator()() const::{lambda(float)#1}, std::array<char*, 2ul> >(int, at::native::exp_kernel_cuda(at::TensorIteratorBase&)::{lambda()#2}::operator()() const::{lambda()#2}::operator()() const::{lambda(float)#1}, std::array<char*, 2ul>)",0,0.0,0,0,12
"void at::native::elementwise_kernel<128, 2, at::native::gpu_kernel_impl_nocast<at::native::AbsFunctor<float> >(at::TensorIteratorBase&, at::native::AbsFunctor<float> const&)::{lambda(int)#1}>(int, at::native::gpu_kernel_impl_nocast<at::native::AbsFunctor<float> >(at::TensorIteratorBase&, at::native::AbsFunctor<float> const&)::{lambda(int)#1})",0,0.0,0,0,12
"void at::native::elementwise_kernel<128, 2, at::native::gpu_kernel_impl_nocast<at::native::BinaryFunctor<float, float, float, at::native::binary_internal::DivFunctor<float> > >(at::TensorIteratorBase&, at::native::BinaryFunctor<float, float, float, at::native::binary_internal::DivFunctor<float> > const&)::{lambda(int)#1}>(int, at::native::gpu_kernel_impl_nocast<at::native::BinaryFunctor<float, float, float, at::native::binary_internal::DivFunctor<float> > >(at::TensorIteratorBase&, at::native::BinaryFunctor<float, float, float, at::native::binary_internal::DivFunctor<float> > const&)::{lambda(int)#1})",0,0.0,0,0,12
"void at::native::(anonymous namespace)::CatArrayBatchedCopy_vectorized<at::native::(anonymous namespace)::OpaqueType<4u>, unsigned int, 4, 128, 1, 16, 4>(char*, at::native::(anonymous namespace)::CatArrInputTensorMetadata<at::native::(anonymous namespace)::OpaqueType<4u>, unsigned int, 128, 1>, at::native::(anonymous namespace)::TensorSizeStride<unsigned int, 4u>, int, unsigned int)",0,0.0,0,0,36
"fmha_cutlassF_f32_aligned_64x64_rf_sm80(PyTorchMemEffAttention::AttentionKernel<float, cutlass::arch::Sm80, true, 64, 64, 64, true, true>::Params)",0,0.0,0,0,6
aten::split_with_sizes,0,0.0,0,13.717000000004191,1
Quadtree decode branch,0,0.0,0,624.8819999999541,1
aten::full,0,0.0,0,21.7190000000046,2
Quadtree decode branch,0,0.0,0,0,1
aten::repeat_interleave,0,0.0,0,26.306000000004133,1
aten::repeat,0,0.0,0,76.38999999997759,1
aten::unfold,0,0.0,0,8.90700000000652,1
"void at::native::vectorized_elementwise_kernel<2, at::native::AUnaryFunctor<long, long, long, at::native::binary_internal::MulFunctor<long> >, std::array<char*, 2ul> >(int, at::native::AUnaryFunctor<long, long, long, at::native::binary_internal::MulFunctor<long> >, std::array<char*, 2ul>)",0,0.0,0,0,12
aten::full_like,0,0.0,0,11.978000000002794,1
Quadtree decode,0,0.0,0,5692.259000000238,1
aten::floor_divide,0,0.0,0,314.5570000000589,14
Quadtree decode,0,0.0,0,0,1
"void at::native::vectorized_elementwise_kernel<2, at::native::BUnaryFunctor<long, long, long, at::native::binary_internal::div_floor_kernel_cuda(at::TensorIteratorBase&)::{lambda()#1}::operator()() const::{lambda()#4}::operator()() const::{lambda(long, long)#1}>, std::array<char*, 2ul> >(int, at::native::BUnaryFunctor<long, long, long, at::native::binary_internal::div_floor_kernel_cuda(at::TensorIteratorBase&)::{lambda()#1}::operator()() const::{lambda()#4}::operator()() const::{lambda(long, long)#1}>, std::array<char*, 2ul>)",0,0.0,0,0,14
"void at::native::vectorized_elementwise_kernel<2, at::native::CUDAFunctor_add<long>, std::array<char*, 3ul> >(int, at::native::CUDAFunctor_add<long>, std::array<char*, 3ul>)",0,0.0,0,0,56
"void at::native::vectorized_elementwise_kernel<2, at::native::CUDAFunctorOnSelf_add<long>, std::array<char*, 2ul> >(int, at::native::CUDAFunctorOnSelf_add<long>, std::array<char*, 2ul>)",0,0.0,0,0,20
"void at::native::(anonymous namespace)::CatArrayBatchedCopy_alignedK_contig<at::native::(anonymous namespace)::OpaqueType<8u>, unsigned int, 2, 128, 1, 16>(at::native::(anonymous namespace)::OpaqueType<8u>*, at::native::(anonymous namespace)::CatArrInputTensorMetadata<at::native::(anonymous namespace)::OpaqueType<8u>, unsigned int, 128, 1>, at::native::(anonymous namespace)::TensorSizeStride<unsigned int, 4u>, int, unsigned int)",0,0.0,0,0,10
"void at::native::index_elementwise_kernel<128, 4, at::native::gpu_index_kernel<at::native::index_kernel_impl<at::native::OpaqueType<8> >(at::TensorIteratorBase&, c10::ArrayRef<long>, c10::ArrayRef<long>)::{lambda(char*, char const*, long)#1}>(at::TensorIteratorBase&, c10::ArrayRef<long>, c10::ArrayRef<long>, at::native::index_kernel_impl<at::native::OpaqueType<8> >(at::TensorIteratorBase&, c10::ArrayRef<long>, c10::ArrayRef<long>)::{lambda(char*, char const*, long)#1} const&, bool)::{lambda(int)#1}>(long, at::native::gpu_index_kernel<at::native::index_kernel_impl<at::native::OpaqueType<8> >(at::TensorIteratorBase&, c10::ArrayRef<long>, c10::ArrayRef<long>)::{lambda(char*, char const*, long)#1}>(at::TensorIteratorBase&, c10::ArrayRef<long>, c10::ArrayRef<long>, at::native::index_kernel_impl<at::native::OpaqueType<8> >(at::TensorIteratorBase&, c10::ArrayRef<long>, c10::ArrayRef<long>)::{lambda(char*, char const*, long)#1} const&, bool)::{lambda(int)#1})",0,0.0,0,0,45
aten::nonzero,0,0.0,0,1352.631999999925,14
cudaDeviceGetAttribute,0,0.0,0,64.91299999997864,49
cudaOccupancyMaxActiveBlocksPerMultiprocessorWithFlags,0,0.0,0,89.09399999996094,46
"void at_cuda_detail::cub::DeviceReduceKernel<at_cuda_detail::cub::DeviceReducePolicy<int, unsigned long long, cuda::std::__4::plus<void> >::Policy600, at_cuda_detail::cub::TransformInputIterator<bool, at::native::(anonymous namespace)::NonZeroOp<bool>, bool const*, long>, unsigned long long, cuda::std::__4::plus<void>, int, cuda::std::__4::__identity>(at_cuda_detail::cub::TransformInputIterator<bool, at::native::(anonymous namespace)::NonZeroOp<bool>, bool const*, long>, int*, unsigned long long, at_cuda_detail::cub::GridEvenShare<unsigned long long>, cuda::std::__4::plus<void>, cuda::std::__4::__identity)",0,0.0,0,0,3
"void at_cuda_detail::cub::DeviceReduceSingleTileKernel<at_cuda_detail::cub::DeviceReducePolicy<int, unsigned long long, cuda::std::__4::plus<void> >::Policy600, int*, int*, int, cuda::std::__4::plus<void>, int, int, cuda::std::__4::__identity>(int*, int*, int, cuda::std::__4::plus<void>, int, cuda::std::__4::__identity)",0,0.0,0,0,3
"void at_cuda_detail::cub::DeviceCompactInitKernel<at_cuda_detail::cub::ScanTileState<int, true>, int*>(at_cuda_detail::cub::ScanTileState<int, true>, int, int*)",0,0.0,0,0,14
"void at_cuda_detail::cub::DeviceSelectSweepKernel<at_cuda_detail::cub::detail::device_select_policy_hub<long, bool, int, false, false>::Policy900, at_cuda_detail::cub::CountingInputIterator<long, long>, at_cuda_detail::cub::TransformInputIterator<bool, at::native::(anonymous namespace)::NonZeroOp<bool>, bool const*, long>, long*, int*, at_cuda_detail::cub::ScanTileState<int, true>, at_cuda_detail::cub::NullType, at_cuda_detail::cub::NullType, int, false>(at_cuda_detail::cub::CountingInputIterator<long, long>, at_cuda_detail::cub::TransformInputIterator<bool, at::native::(anonymous namespace)::NonZeroOp<bool>, bool const*, long>, long*, int*, at_cuda_detail::cub::ScanTileState<int, true>, at_cuda_detail::cub::NullType, at_cuda_detail::cub::NullType, int, int, at_cuda_detail::cub::detail::vsmem_t)",0,0.0,0,0,14
aten::set_,0,0.0,0,144.51700000001438,14
aten::_unique2,0,0.0,0,564.2350000001315,5
"void at_cuda_detail::cub::DeviceRadixSortHistogramKernel<at_cuda_detail::cub::DeviceRadixSortPolicy<long, at_cuda_detail::cub::NullType, unsigned long long>::Policy900, false, long, unsigned long long, at_cuda_detail::cub::detail::identity_decomposer_t>(unsigned long long*, long const*, unsigned long long, int, int, at_cuda_detail::cub::detail::identity_decomposer_t)",0,0.0,0,0,2
"void at_cuda_detail::cub::DeviceRadixSortExclusiveSumKernel<at_cuda_detail::cub::DeviceRadixSortPolicy<long, at_cuda_detail::cub::NullType, unsigned long long>::Policy900, unsigned long long>(unsigned long long*)",0,0.0,0,0,2
"void at_cuda_detail::cub::DeviceRadixSortOnesweepKernel<at_cuda_detail::cub::DeviceRadixSortPolicy<long, at_cuda_detail::cub::NullType, unsigned long long>::Policy900, false, long, at_cuda_detail::cub::NullType, unsigned long long, int, int, at_cuda_detail::cub::detail::identity_decomposer_t>(int*, int*, unsigned long long*, unsigned long long const*, long*, long const*, at_cuda_detail::cub::NullType*, at_cuda_detail::cub::NullType const*, int, int, int, at_cuda_detail::cub::detail::identity_decomposer_t)",0,0.0,0,0,16
"void at_cuda_detail::cub::DeviceCompactInitKernel<at_cuda_detail::cub::ScanTileState<int, true>, long*>(at_cuda_detail::cub::ScanTileState<int, true>, int, long*)",0,0.0,0,0,4
"void at_cuda_detail::cub::DeviceSelectSweepKernel<at_cuda_detail::cub::detail::device_select_policy_hub<long, at_cuda_detail::cub::NullType, int, false, false>::Policy900, long const*, at_cuda_detail::cub::NullType*, long*, long*, at_cuda_detail::cub::ScanTileState<int, true>, at_cuda_detail::cub::NullType, cuda::std::__4::equal_to<void>, int, false>(long const*, at_cuda_detail::cub::NullType*, long*, long*, at_cuda_detail::cub::ScanTileState<int, true>, at_cuda_detail::cub::NullType, cuda::std::__4::equal_to<void>, int, int, at_cuda_detail::cub::detail::vsmem_t)",0,0.0,0,0,4
Quadtree probe decode,0,0.0,0,1352.4999999999563,4
Quadtree probe decode,0,0.0,0,0,4
Decoder pre processing,0,0.0,0,3744.814999999893,4
Decoder pre processing,0,0.0,0,0,4
aten::pow,0,0.0,0,193.28500000001077,4
aten::result_type,0,0.0,0,8.849999999983993,4
"void at::native::vectorized_elementwise_kernel<4, at::native::(anonymous namespace)::pow_tensor_scalar_kernel_impl<float, float>(at::TensorIteratorBase&, float)::{lambda(float)#1}, std::array<char*, 2ul> >(int, at::native::(anonymous namespace)::pow_tensor_scalar_kernel_impl<float, float>(at::TensorIteratorBase&, float)::{lambda(float)#1}, std::array<char*, 2ul>)",0,0.0,0,0,4
aten::sum,0,0.0,0,489.4689999999682,9
"void at::native::reduce_kernel<512, 1, at::native::ReduceOp<float, at::native::func_wrapper_t<float, at::native::sum_functor<float, float, float>::operator()(at::TensorIterator&)::{lambda(float, float)#1}>, unsigned int, float, 4, 4> >(at::native::ReduceOp<float, at::native::func_wrapper_t<float, at::native::sum_functor<float, float, float>::operator()(at::TensorIterator&)::{lambda(float, float)#1}>, unsigned int, float, 4, 4>)",0,0.0,0,0,4
aten::topk,0,0.0,0,671.4570000002641,4
"void at::native::mbtopk::fill<unsigned int, unsigned int>(unsigned int*, unsigned int, unsigned int)",0,0.0,0,0,3
"void at::native::mbtopk::computeBlockDigitCounts<float, unsigned int, unsigned int, 2>(at::cuda::detail::TensorInfo<float const, unsigned int>, unsigned int, unsigned int*, unsigned int, unsigned int, int, int, unsigned int, unsigned int, unsigned int*, short*)",0,0.0,0,0,12
"at::native::mbtopk::computeDigitCumSum(short*, unsigned int*, unsigned int)",0,0.0,0,0,12
"void at::native::mbtopk::computeBlockwiseWithinKCounts<unsigned int, float>(unsigned int*, short*, unsigned int*, unsigned int*, unsigned int, int, bool, unsigned int*, float*, unsigned int*, unsigned int*, unsigned int)",0,0.0,0,0,12
"void at::native::mbtopk::computeBlockwiseKthCounts<unsigned int>(unsigned int*, short*, unsigned int, unsigned int, unsigned int*)",0,0.0,0,0,3
"void at_cuda_detail::cub::DeviceScanByKeyInitKernel<at_cuda_detail::cub::ReduceByKeyScanTileState<unsigned int, int, true>, at_cuda_detail::cub::TransformInputIterator<unsigned int, at::native::mbtopk::BlockIdxToKey, at_cuda_detail::cub::CountingInputIterator<unsigned int, unsigned int>, long> >(at_cuda_detail::cub::ReduceByKeyScanTileState<unsigned int, int, true>, at_cuda_detail::cub::TransformInputIterator<unsigned int, at::native::mbtopk::BlockIdxToKey, at_cuda_detail::cub::CountingInputIterator<unsigned int, unsigned int>, long>, std::iterator_traits<at_cuda_detail::cub::TransformInputIterator<unsigned int, at::native::mbtopk::BlockIdxToKey, at_cuda_detail::cub::CountingInputIterator<unsigned int, unsigned int>, long> >::value_type*, unsigned int, int)",0,0.0,0,0,6
"void at_cuda_detail::cub::DeviceScanByKeyKernel<at_cuda_detail::cub::DeviceScanByKeyPolicy<at_cuda_detail::cub::TransformInputIterator<unsigned int, at::native::mbtopk::BlockIdxToKey, at_cuda_detail::cub::CountingInputIterator<unsigned int, unsigned int>, long>, unsigned int, unsigned int, cuda::std::__4::plus<void> >::Policy900, at_cuda_detail::cub::TransformInputIterator<unsigned int, at::native::mbtopk::BlockIdxToKey, at_cuda_detail::cub::CountingInputIterator<unsigned int, unsigned int>, long>, unsigned int*, unsigned int*, at_cuda_detail::cub::ReduceByKeyScanTileState<unsigned int, int, true>, cuda::std::__4::equal_to<void>, cuda::std::__4::plus<void>, at_cuda_detail::cub::NullType, int, unsigned int, unsigned int>(at_cuda_detail::cub::TransformInputIterator<unsigned int, at::native::mbtopk::BlockIdxToKey, at_cuda_detail::cub::CountingInputIterator<unsigned int, unsigned int>, long>, unsigned int*, unsigned int*, unsigned int*, at_cuda_detail::cub::ReduceByKeyScanTileState<unsigned int, int, true>, int, cuda::std::__4::equal_to<void>, cuda::std::__4::plus<void>, at_cuda_detail::cub::NullType, int)",0,0.0,0,0,6
"void at::native::mbtopk::gatherTopK<float, unsigned int, 2>(at::cuda::detail::TensorInfo<float const, unsigned int>, unsigned int, unsigned int, bool, unsigned int, unsigned int, at::cuda::detail::TensorInfo<float, unsigned int>, unsigned int, at::cuda::detail::TensorInfo<long, unsigned int>, unsigned int, unsigned int, unsigned int, float*, unsigned int*, unsigned int*, unsigned int)",0,0.0,0,0,3
"void at::native::bitonicSortKVInPlace<2, -1, 16, 16, float, long, at::native::LTOp<float, true>, unsigned int>(at::cuda::detail::TensorInfo<float, unsigned int>, unsigned int, unsigned int, unsigned int, at::cuda::detail::TensorInfo<long, unsigned int>, unsigned int, at::native::LTOp<float, true>)",0,0.0,0,0,4
Decoder Cross attention,0,0.0,0,859.5350000000253,4
aten::ones,0,0.0,0,55.29700000003504,4
Decoder Cross attention,0,0.0,0,0,4
"void at::native::vectorized_elementwise_kernel<4, at::native::FillFunctor<bool>, std::array<char*, 1ul> >(int, at::native::FillFunctor<bool>, std::array<char*, 1ul>)",0,0.0,0,0,4
"void at::native::(anonymous namespace)::RowwiseMomentsCUDAKernel<float, float, false>(long, float, float const*, float*, float*)",0,0.0,0,0,4
Decoder skip,0,0.0,0,11279.466000000175,4
"void at::native::(anonymous namespace)::LayerNormForwardCUDAKernel<float, float, false>(long, float const*, float const*, float const*, float const*, float const*, float*)",0,0.0,0,0,4
Decoder skip,0,0.0,0,0,4
"void at::native::_scatter_gather_elementwise_kernel<128, 8, at::native::_cuda_scatter_gather_internal_kernel<false, at::native::OpaqueType<1>, long>::operator()<at::native::TensorAssign>(at::TensorIterator&, long, long, long, at::native::TensorAssign const&)::{lambda(int)#1}>(int, at::native::_cuda_scatter_gather_internal_kernel<false, at::native::OpaqueType<1>, long>::operator()<at::native::TensorAssign>(at::TensorIterator&, long, long, long, at::native::TensorAssign const&)::{lambda(int)#1})",0,0.0,0,0,4
sm80_xmma_gemm_f32f32_f32f32_f32_tn_n_tilesize64x128x8_stage3_warpsize1x4x1_ffma_aligna4_alignc4_execute_kernel__5x_cublas,0,0.0,0,0,9
"void at::native::elementwise_kernel<128, 4, at::native::gpu_kernel_impl_nocast<at::native::BinaryFunctor<bool, bool, bool, at::native::BitwiseOrFunctor<bool> > >(at::TensorIteratorBase&, at::native::BinaryFunctor<bool, bool, bool, at::native::BitwiseOrFunctor<bool> > const&)::{lambda(int)#1}>(int, at::native::gpu_kernel_impl_nocast<at::native::BinaryFunctor<bool, bool, bool, at::native::BitwiseOrFunctor<bool> > >(at::TensorIteratorBase&, at::native::BinaryFunctor<bool, bool, bool, at::native::BitwiseOrFunctor<bool> > const&)::{lambda(int)#1})",0,0.0,0,0,8
"void at::native::unrolled_elementwise_kernel<at::native::direct_copy_kernel_cuda(at::TensorIteratorBase&)::{lambda()#3}::operator()() const::{lambda()#4}::operator()() const::{lambda(long)#1}, std::array<char*, 2ul>, 4, TrivialOffsetCalculator<1, unsigned int>, TrivialOffsetCalculator<1, unsigned int>, at::native::memory::LoadWithCast<1>, at::native::memory::StoreWithCast<1> >(int, at::native::direct_copy_kernel_cuda(at::TensorIteratorBase&)::{lambda()#3}::operator()() const::{lambda()#4}::operator()() const::{lambda(long)#1}, std::array<char*, 2ul>, TrivialOffsetCalculator<1, unsigned int>, TrivialOffsetCalculator<1, unsigned int>, at::native::memory::LoadWithCast<1>, at::native::memory::StoreWithCast<1>)",0,0.0,0,0,5
"void at::native::reduce_kernel<512, 1, at::native::ReduceOp<long, at::native::func_wrapper_t<long, at::native::sum_functor<long, long, long>::operator()(at::TensorIterator&)::{lambda(long, long)#1}>, unsigned int, long, 4, 4> >(at::native::ReduceOp<long, at::native::func_wrapper_t<long, at::native::sum_functor<long, long, long>::operator()(at::TensorIterator&)::{lambda(long, long)#1}>, unsigned int, long, 4, 4>)",0,0.0,0,0,5
aten::add_,0,0.0,0,327.0859999999957,16
aten::pad,0,0.0,0,64.10700000006182,8
aten::constant_pad_nd,0,0.0,0,183.0029999998951,8
cudaFuncSetAttribute,0,0.0,0,38.25100000000384,8
"fmha_cutlassF_f32_aligned_64x128_rf_sm80(PyTorchMemEffAttention::AttentionKernel<float, cutlass::arch::Sm80, true, 64, 128, 128, true, true>::Params)",0,0.0,0,0,8
aten::squeeze,0,0.0,0,110.67999999999302,8
Decoder Cross Attention,0,0.0,0,2126.133000000016,4
Decoder Logits,0,0.0,0,1021.0080000000162,4
Decoder Cross Attention,0,0.0,0,0,4
aten::argmax,0,0.0,0,220.87600000000384,4
aten::le,0,0.0,0,189.2219999999943,5
Decoder Logits,0,0.0,0,0,4
sm80_xmma_gemm_f32f32_f32f32_f32_tn_n_tilesize64x32x8_stage3_warpsize1x2x1_ffma_aligna4_alignc4_execute_kernel__5x_cublas,0,0.0,0,0,1
sm80_xmma_gemm_f32f32_f32f32_f32_tn_n_tilesize64x32x8_stage3_warpsize1x2x1_ffma_aligna4_alignc4_execute_split_k_kernel__5x_cublas,0,0.0,0,0,1
"void at::native::reduce_kernel<512, 1, at::native::ReduceOp<float, at::native::ArgMaxOps<float>, unsigned int, long, 4, 4> >(at::native::ReduceOp<float, at::native::ArgMaxOps<float>, unsigned int, long, 4, 4>)",0,0.0,0,0,4
"void at::native::index_elementwise_kernel<128, 4, at::native::gpu_index_kernel<at::native::index_put_kernel_impl<at::native::OpaqueType<8> >(at::TensorIterator&, c10::ArrayRef<long>, c10::ArrayRef<long>)::{lambda(char*, char const*, long)#1}>(at::TensorIteratorBase&, c10::ArrayRef<long>, c10::ArrayRef<long>, at::native::index_put_kernel_impl<at::native::OpaqueType<8> >(at::TensorIterator&, c10::ArrayRef<long>, c10::ArrayRef<long>)::{lambda(char*, char const*, long)#1} const&, bool)::{lambda(int)#1}>(long, at::native::gpu_index_kernel<at::native::index_put_kernel_impl<at::native::OpaqueType<8> >(at::TensorIterator&, c10::ArrayRef<long>, c10::ArrayRef<long>)::{lambda(char*, char const*, long)#1}>(at::TensorIteratorBase&, c10::ArrayRef<long>, c10::ArrayRef<long>, at::native::index_put_kernel_impl<at::native::OpaqueType<8> >(at::TensorIterator&, c10::ArrayRef<long>, c10::ArrayRef<long>)::{lambda(char*, char const*, long)#1} const&, bool)::{lambda(int)#1})",0,0.0,0,0,9
"void at::native::elementwise_kernel<128, 4, at::native::gpu_kernel_impl_nocast<at::native::BinaryFunctor<long, long, bool, at::native::(anonymous namespace)::CompareEqFunctor<long> > >(at::TensorIteratorBase&, at::native::BinaryFunctor<long, long, bool, at::native::(anonymous namespace)::CompareEqFunctor<long> > const&)::{lambda(int)#1}>(int, at::native::gpu_kernel_impl_nocast<at::native::BinaryFunctor<long, long, bool, at::native::(anonymous namespace)::CompareEqFunctor<long> > >(at::TensorIteratorBase&, at::native::BinaryFunctor<long, long, bool, at::native::(anonymous namespace)::CompareEqFunctor<long> > const&)::{lambda(int)#1})",0,0.0,0,0,5
aten::nonzero_numpy,0,0.0,0,79.7220000000234,9
"void at_cuda_detail::cub::DeviceReduceSingleTileKernel<at_cuda_detail::cub::DeviceReducePolicy<int, unsigned long long, cuda::std::__4::plus<void> >::Policy600, at_cuda_detail::cub::TransformInputIterator<bool, at::native::(anonymous namespace)::NonZeroOp<bool>, bool const*, long>, int*, unsigned long long, cuda::std::__4::plus<void>, int, int, cuda::std::__4::__identity>(at_cuda_detail::cub::TransformInputIterator<bool, at::native::(anonymous namespace)::NonZeroOp<bool>, bool const*, long>, int*, unsigned long long, cuda::std::__4::plus<void>, int, cuda::std::__4::__identity)",0,0.0,0,0,11
aten::unbind,0,0.0,0,80.57199999998556,9
"void at::native::elementwise_kernel<128, 2, at::native::gpu_kernel_impl_nocast<at::native::CUDAFunctor_add<long> >(at::TensorIteratorBase&, at::native::CUDAFunctor_add<long> const&)::{lambda(int)#1}>(int, at::native::gpu_kernel_impl_nocast<at::native::CUDAFunctor_add<long> >(at::TensorIteratorBase&, at::native::CUDAFunctor_add<long> const&)::{lambda(int)#1})",0,0.0,0,0,10
"void at::native::(anonymous namespace)::CatArrayBatchedCopy_vectorized<at::native::(anonymous namespace)::OpaqueType<8u>, unsigned int, 1, 128, 1, 16, 2>(char*, at::native::(anonymous namespace)::CatArrInputTensorMetadata<at::native::(anonymous namespace)::OpaqueType<8u>, unsigned int, 128, 1>, at::native::(anonymous namespace)::TensorSizeStride<unsigned int, 4u>, int, unsigned int)",0,0.0,0,0,12
"void at_cuda_detail::cub::DeviceRadixSortSingleTileKernel<at_cuda_detail::cub::DeviceRadixSortPolicy<long, at_cuda_detail::cub::NullType, unsigned long long>::Policy900, false, long, at_cuda_detail::cub::NullType, unsigned long long, at_cuda_detail::cub::detail::identity_decomposer_t>(long const*, long*, at_cuda_detail::cub::NullType const*, at_cuda_detail::cub::NullType*, unsigned long long, int, int, at_cuda_detail::cub::detail::identity_decomposer_t)",0,0.0,0,0,2
"void at::native::sbtopk::gatherTopK<float, unsigned int, 2, false>(at::cuda::detail::TensorInfo<float const, unsigned int>, unsigned int, unsigned int, bool, unsigned int, unsigned int, at::cuda::detail::TensorInfo<float, unsigned int>, unsigned int, at::cuda::detail::TensorInfo<long, unsigned int>, unsigned int, float*)",0,0.0,0,0,1
sm80_xmma_gemm_f32f32_f32f32_f32_tn_n_tilesize32x32x8_stage3_warpsize1x2x1_ffma_aligna4_alignc4_execute_kernel__5x_cublas,0,0.0,0,0,3
sm80_xmma_gemm_f32f32_f32f32_f32_tn_n_tilesize64x64x8_stage3_warpsize1x4x1_ffma_aligna4_alignc4_execute_split_k_kernel__5x_cublas,0,0.0,0,0,4
cuLaunchKernel,0,0.0,0,15.418999999994412,1
void cutlass::Kernel2<cutlass_80_simt_sgemm_32x128_8x5_tn_align1>(cutlass_80_simt_sgemm_32x128_8x5_tn_align1::Params),0,0.0,0,0,1
"void cublasLt::splitKreduce_kernel<32, 16, int, float, float, float, false, float, float, float, true, true, false>(cublasLt::cublasSplitKParams<float>, float const*, float const*, float*, float*, float const*, float const*, float const*, float const*, float*, void*, long, float*, int*, float*, float const*, float const*, float const*, float const*)",0,0.0,0,0,1
sm80_xmma_gemm_f32f32_f32f32_f32_tn_n_tilesize256x64x8_stage3_warpsize2x2x1_ffma_aligna4_alignc4_execute_kernel__5x_cublas,0,0.0,0,0,4
sm80_xmma_gemm_f32f32_f32f32_f32_tn_n_tilesize256x64x8_stage3_warpsize2x2x1_ffma_aligna4_alignc4_execute_split_k_kernel__5x_cublas,0,0.0,0,0,4
sm80_xmma_gemm_f32f32_f32f32_f32_tn_n_tilesize32x32x8_stage3_warpsize1x2x1_ffma_aligna4_alignc4_execute_split_k_kernel__5x_cublas,0,0.0,0,0,2
sm80_xmma_gemm_f32f32_f32f32_f32_tn_n_tilesize128x32x8_stage3_warpsize2x2x1_ffma_aligna4_alignc4_execute_kernel__5x_cublas,0,0.0,0,0,1
aten::zeros,0,0.0,0,13.716000000044005,1
aten::scatter_,0,0.0,0,39.328999999997905,1
"void at::native::_scatter_gather_elementwise_kernel<128, 8, at::native::_cuda_scatter_fill_internal_kernel<at::native::OpaqueType<4>, long>::operator()<at::native::TensorAssign>(at::TensorIterator&, at::native::OpaqueType<4>, long, long, long, at::native::TensorAssign const&)::{lambda(int)#1}>(int, at::native::_cuda_scatter_fill_internal_kernel<at::native::OpaqueType<4>, long>::operator()<at::native::TensorAssign>(at::TensorIterator&, at::native::OpaqueType<4>, long, long, long, at::native::TensorAssign const&)::{lambda(int)#1})",0,0.0,0,0,1
[memory],0,0.0,0,0.0,5
cudaDeviceSynchronize,0,0.0,0,22.510999999998603,2
